factor,label,horizon,mean_ic,icir,t_nw,pct_positive,is_ic,oos_ic,q1,q2,q3,q4,q5,q5_minus_q1,n_dates
ret5,5 日涨跌幅（短期反转）,5,-0.02106169074509564,-0.10452669052838985,-1.3634151229314346,0.45161290322580644,,-0.02106169074509564,0.0005950317,0.00027190475,-0.00010633316,0.00039156203,-0.0012756968,-0.0018707286,403
ret20,20 日涨跌幅,5,-0.046489961206594654,-0.20857177687836595,-2.3835105234347442,0.43424317617866004,,-0.046489961206594654,0.00033526946,0.0004658499,0.0002404182,0.0002506896,-0.0013375828,-0.0016728523,403
ret60,60 日涨跌幅（中期动量）,5,-0.03937411906944868,-0.16998165039518104,-1.8174488784633651,0.41687344913151364,,-0.03937411906944868,0.0010654652,-0.0005755485,0.00028861253,0.0001475466,-0.0009963851,-0.0020618504,403
bias20,偏离 MA20 的幅度,5,-0.027180185243985622,-0.13174992379715944,-1.5254057427818708,0.45409429280397023,,-0.027180185243985622,0.00013093124,-2.348915e-05,0.00049814896,2.1433778e-05,-0.0007617797,-0.000892711,403
rsi14,RSI14,5,-0.03278614161315197,-0.1560643828557743,-1.77641089470442,0.4441687344913151,,-0.03278614161315197,0.00038857444,-3.621307e-05,0.00010330138,0.0005262306,-0.0011067527,-0.0014953271,403
kdj_j,KDJ 的 J 值,5,-0.001419318657549771,-0.007388527452371451,-0.08753060943101124,0.4640198511166253,,-0.001419318657549771,-9.3245486e-05,0.00013267367,0.00044253227,0.00055158144,-0.0011501681,-0.0010569226,403
boll_pctb,布林带位置 %b,5,-0.023845140726191233,-0.12070739565584053,-1.4232729955088403,0.4441687344913151,,-0.023845140726191233,-0.00033555282,-0.00014334667,0.0007545157,8.4693376e-05,-0.00051712623,-0.00018157341,403
macd_norm,MACD 柱 / 股价,5,-0.007620616700886095,-0.03677059330780801,-0.42107026156677735,0.46898263027295284,,-0.007620616700886095,-0.0002497679,-0.00012538748,0.00015564663,0.0002442396,-0.00019063977,5.9128142e-05,403
dist_hh60,距 60 日最高点的距离,5,-0.000576967524734668,-0.0024886713185109056,-0.027904052283594136,0.533498759305211,,-0.000576967524734668,0.00064551044,-0.0007037377,5.881029e-05,0.00052565424,-0.0006468118,-0.0012923223,403
vol_ratio,量比（当日量 / 前 5 日均量）,5,-0.02694277996615229,-0.1727032896726232,-2.9862984934670376,0.43424317617866004,,-0.02694277996615229,-0.00026787605,-3.3526023e-05,-0.00030385063,0.00047525842,-2.6045116e-05,0.00024183093,403
turnover_rel,换手率 / 60 日平均换手率,5,-0.05123446454773031,-0.2793950328332862,-3.5233740074665136,0.36476426799007444,,-0.05123446454773031,-0.00032910457,-1.8694049e-05,0.00038611196,0.00047063755,-0.0006426483,-0.00031354374,403
turnover_rate,换手率,5,-0.06335653088361977,-0.23772833780996264,-2.511134804544274,0.40198511166253104,,-0.06335653088361977,0.00061640533,-0.00014415346,0.00022529015,0.00024115693,-0.00095139875,-0.001567804,403
vol20,20 日波动率,5,-0.04346195518848708,-0.14647013281554228,-1.5180134746789737,0.43424317617866004,,-0.04346195518848708,-0.00015443133,-0.00015419378,0.00040592405,0.00061364775,-0.00081350736,-0.00065907603,403
atr_pct,ATR / 股价,5,-0.0450175569094336,-0.14846429391119018,-1.5278174379784741,0.4491315136476427,,-0.0450175569094336,-0.00012682403,-0.00022123812,1.7886154e-05,0.00078352826,-0.0005224041,-0.00039558008,403
log_amount,20 日平均成交额（对数，规模代理）,5,-0.05994627848341444,-0.2832693990808532,-3.0529339766088746,0.4044665012406948,,-0.05994627848341444,0.0011639714,0.00077172084,0.0005564752,-0.00091127073,-0.0014868168,-0.002650788,403
upper_shadow,上影线占比,5,-0.007727004681451348,-0.043393212105626015,-0.9950860582354316,0.47512437810945274,,-0.007727004681451348,-0.0008771681,0.000302047,0.0005300305,-0.00016547686,-6.436085e-05,0.00081280724,402
lower_shadow,下影线占比,5,0.00927540235471744,0.05135904882684449,0.9458205561729086,0.5248756218905473,,0.00927540235471744,0.00013293159,0.0005882096,-1.9006242e-05,-0.00011071755,-0.00061624806,-0.0007491796,402
gap,开盘跳空幅度,5,0.02354059475670764,0.11576106016282073,2.3462811642251253,0.5508684863523573,,0.02354059475670764,-0.0010914288,-5.627337e-05,3.1633364e-05,0.0005062584,0.0003542692,0.001445698,403
ret5,5 日涨跌幅（短期反转）,20,-0.028132530271242434,-0.12574738732666033,-1.4581431109831107,0.4484536082474227,,-0.028132530271242434,0.0004762094,0.0006996626,-0.00075570645,0.00080774614,-0.0024084304,-0.00288464,388
ret20,20 日涨跌幅,20,-0.06014508618867988,-0.29279278146277055,-1.8099621325718462,0.43556701030927836,,-0.06014508618867988,0.0031869316,0.0005856017,0.0015661815,-9.9927165e-05,-0.0060111377,-0.00919807,388
ret60,60 日涨跌幅（中期动量）,20,-0.05768009954994435,-0.23174913759030927,-1.2954491984834773,0.38144329896907214,,-0.05768009954994435,0.0021993117,-0.0026005963,0.0005649938,0.00072039774,-0.0019019662,-0.004101278,388
bias20,偏离 MA20 的幅度,20,-0.04457183553162183,-0.21486366450948052,-1.522871324668898,0.45103092783505155,,-0.04457183553162183,0.0013974488,0.0012973006,0.0005435879,0.0005291348,-0.00470664,-0.0061040884,388
rsi14,RSI14,20,-0.04446666406977999,-0.21357482704478062,-1.3438624806710913,0.4484536082474227,,-0.04446666406977999,-5.856499e-05,0.00068192213,0.00081496395,0.001801445,-0.004444222,-0.004385657,388
kdj_j,KDJ 的 J 值,20,-0.01040891458357433,-0.04903877301262652,-0.5352035467382663,0.47680412371134023,,-0.01040891458357433,-0.0012945395,8.792343e-05,0.0002551575,0.0012131551,-0.0015251406,-0.00023060106,388
boll_pctb,布林带位置 %b,20,-0.03848625370696093,-0.19734660291402362,-1.4902891191652383,0.44587628865979384,,-0.03848625370696093,7.7751996e-05,-0.000110465,0.0009901817,0.00087714836,-0.002819853,-0.0028976048,388
macd_norm,MACD 柱 / 股价,20,-0.02406313790929298,-0.11755812625621281,-1.06466449400126,0.4742268041237113,,-0.02406313790929298,0.00044659546,0.0011559605,0.0014884407,-0.0013488469,-0.0028536902,-0.0033002857,388
dist_hh60,距 60 日最高点的距离,20,-0.01897772306341091,-0.0890781262305859,-0.5718917780538431,0.5025773195876289,,-0.01897772306341091,0.0017788154,-0.0016279675,0.0008310022,0.00078283885,-0.0028917294,-0.0046705445,388
vol_ratio,量比（当日量 / 前 5 日均量）,20,-0.016030810733817506,-0.09544839068386857,-2.1627798921228694,0.4484536082474227,,-0.016030810733817506,-0.0010314669,-0.00041885287,-9.708927e-05,0.00058772037,-0.00026158922,0.0007698777,388
turnover_rel,换手率 / 60 日平均换手率,20,-0.04831155970775045,-0.3074567108978424,-2.6566635483934706,0.38917525773195877,,-0.04831155970775045,0.0011179709,0.00027854825,0.0005765791,0.00075109524,-0.0037380736,-0.0048560444,388
turnover_rate,换手率,20,-0.07862888687697417,-0.29251172084268673,-1.6670930618509023,0.3865979381443299,,-0.07862888687697417,0.0014285129,0.00030815424,0.00068076194,0.00012410452,-0.0034057812,-0.0048342943,388
vol20,20 日波动率,20,-0.04606385620737183,-0.1567379930496908,-0.9243193093055656,0.46134020618556704,,-0.04606385620737183,-0.0015072237,-0.0006130956,0.0026305572,0.00059467606,-0.0021920924,-0.00068486866,388
atr_pct,ATR / 股价,20,-0.04590783197200715,-0.153449434203053,-0.8955031380142666,0.47680412371134023,,-0.04590783197200715,-0.00062708685,-0.00042245648,0.00038465107,0.001269978,-0.0016563263,-0.0010292395,388
log_amount,20 日平均成交额（对数，规模代理）,20,-0.09628841264436265,-0.4741219513154071,-2.7676760421370576,0.3118556701030928,,-0.09628841264436265,0.0022515452,0.0034358338,0.00030902377,-0.0021921343,-0.004506995,-0.00675854,388
upper_shadow,上影线占比,20,-0.0016757745165525096,-0.009354075062711251,-0.23657118565450413,0.5219638242894057,,-0.0016757745165525096,-0.0023583292,0.00037640732,0.0011823465,-0.00032287472,-0.0004838661,0.0018744632,387
lower_shadow,下影线占比,20,0.0165974939211722,0.09893436112724413,2.529077176996801,0.5322997416020672,,0.0165974939211722,-6.88812e-05,0.00010110797,-0.00010360762,9.662142e-05,-0.0014027898,-0.0013339086,387
gap,开盘跳空幅度,20,0.02206266624707146,0.11034097328837786,2.318533071518929,0.5309278350515464,,0.02206266624707146,-0.0022104825,9.8022254e-05,0.00030908987,6.393298e-05,9.291921e-05,0.0023034017,388
