month,ic,factor,horizon
2025-01,-0.15395507526035263,ret5,5
2025-02,-0.0043223678279465045,ret5,5
2025-03,0.10141601066112622,ret5,5
2025-04,-0.057701945540513624,ret5,5
2025-05,0.10553856226755653,ret5,5
2025-06,-0.07906686525188253,ret5,5
2025-07,-0.09037739240671097,ret5,5
2025-08,0.042064016381051846,ret5,5
2025-09,-0.09055301673683788,ret5,5
2025-10,-0.15259531556059666,ret5,5
2025-11,0.007563185550786682,ret5,5
2025-12,0.06705339155355151,ret5,5
2026-01,-0.017513848189541912,ret5,5
2026-02,0.004109196173050849,ret5,5
2026-03,0.03154840559483582,ret5,5
2026-04,-0.10935043038022925,ret5,5
2026-05,0.03305857367759236,ret5,5
2026-06,-0.03245965895370101,ret5,5
2026-07,0.043236744016618464,ret5,5
2026-08,-0.08972410771316114,ret5,5
2026-09,-0.15660825641357182,ret5,5
2025-01,-0.25393517406962784,ret20,5
2025-02,0.04981498563486448,ret20,5
2025-03,0.0029124823048693577,ret20,5
2025-04,-0.18948365643268003,ret20,5
2025-05,-0.039474934717468636,ret20,5
2025-06,0.011034607220376047,ret20,5
2025-07,-0.14300210675497696,ret20,5
2025-08,0.019036314371669808,ret20,5
2025-09,0.015672684270962172,ret20,5
2025-10,-0.19622697563874034,ret20,5
2025-11,-0.06402592125244251,ret20,5
2025-12,0.07542783898360451,ret20,5
2026-01,0.03902681673682634,ret20,5
2026-02,0.13288236365823605,ret20,5
2026-03,-0.1251770211023995,ret20,5
2026-04,-0.09653156861337367,ret20,5
2026-05,0.07043116298702005,ret20,5
2026-06,0.052733492240504276,ret20,5
2026-07,-0.09332087855471345,ret20,5
2026-08,-0.19964998610508036,ret20,5
2026-09,-0.13942361973347522,ret20,5
2025-01,-0.12045138055222089,ret60,5
2025-02,-0.013018596865875663,ret60,5
2025-03,-0.17131647059171917,ret60,5
2025-04,-0.11079045958438223,ret60,5
2025-05,-0.09005468049325098,ret60,5
2025-06,0.0039037813187629993,ret60,5
2025-07,-0.0485230055396831,ret60,5
2025-08,-0.018044867198706176,ret60,5
2025-09,0.016335002368274135,ret60,5
2025-10,-0.1907605466428996,ret60,5
2025-11,-0.011592758946346694,ret60,5
2025-12,0.08393772161569502,ret60,5
2026-01,0.12333277722420129,ret60,5
2026-02,0.21467729503500982,ret60,5
2026-03,-0.21076078882498928,ret60,5
2026-04,0.055776320124742054,ret60,5
2026-05,0.05401426760965682,ret60,5
2026-06,0.07213554078044586,ret60,5
2026-07,-0.3097633354853095,ret60,5
2026-08,-0.0277873272778293,ret60,5
2026-09,-0.12220125822713658,ret60,5
2025-01,-0.20514765906362542,bias20,5
2025-02,0.07631024416061274,bias20,5
2025-03,0.10928523952786605,bias20,5
2025-04,-0.1873072649679002,bias20,5
2025-05,0.06109270926384971,bias20,5
2025-06,0.004317146583233256,bias20,5
2025-07,-0.13974022544251766,bias20,5
2025-08,0.032746452310887894,bias20,5
2025-09,-0.05983872856776353,bias20,5
2025-10,-0.16941261353026055,bias20,5
2025-11,-0.04666309449724856,bias20,5
2025-12,0.08764119528927071,bias20,5
2026-01,0.04360946293191291,bias20,5
2026-02,-0.0181072540000534,bias20,5
2026-03,-0.014505809247022904,bias20,5
2026-04,-0.07073740511267013,bias20,5
2026-05,0.05951833389409882,bias20,5
2026-06,0.051011155613363404,bias20,5
2026-07,0.0290401186561046,bias20,5
2026-08,-0.20878747594376995,bias20,5
2026-09,-0.18550727395680278,bias20,5
2025-01,-0.2265066026410564,rsi14,5
2025-02,0.05800951291877833,rsi14,5
2025-03,0.03157818830097318,rsi14,5
2025-04,-0.17596610214705646,rsi14,5
2025-05,0.08672245290012343,rsi14,5
2025-06,0.01585619989138798,rsi14,5
2025-07,-0.09375893157566983,rsi14,5
2025-08,0.05936992517745542,rsi14,5
2025-09,-0.04268170693470958,rsi14,5
2025-10,-0.1446990917579153,rsi14,5
2025-11,-0.012757756290556125,rsi14,5
2025-12,0.06671751740035402,rsi14,5
2026-01,0.034322893219671406,rsi14,5
2026-02,0.09459394139101139,rsi14,5
2026-03,-0.06314549712089451,rsi14,5
2026-04,-0.07153196587139539,rsi14,5
2026-05,0.06508548609256862,rsi14,5
2026-06,0.01415496362988616,rsi14,5
2026-07,-0.10882896451608529,rsi14,5
2026-08,-0.2147153871134479,rsi14,5
2026-09,-0.1839384811718919,rsi14,5
2025-01,-0.07286434573829531,kdj_j,5
2025-02,0.03817769686129257,kdj_j,5
2025-03,0.14373261721226308,kdj_j,5
2025-04,-0.03661420123182946,kdj_j,5
2025-05,0.08239036452660144,kdj_j,5
2025-06,-0.0523626751876063,kdj_j,5
2025-07,-0.02372921356306573,kdj_j,5
2025-08,0.04851070212437264,kdj_j,5
2025-09,-0.07367215912229247,kdj_j,5
2025-10,-0.07527798998387233,kdj_j,5
2025-11,0.023699451513820143,kdj_j,5
2025-12,0.08648220970132921,kdj_j,5
2026-01,0.022312936436359555,kdj_j,5
2026-02,-0.1015616581333654,kdj_j,5
2026-03,0.06003271351381714,kdj_j,5
2026-04,-0.08733722436965803,kdj_j,5
2026-05,0.05085269510012077,kdj_j,5
2026-06,-0.028021210058025797,kdj_j,5
2026-07,0.0956311859362787,kdj_j,5
2026-08,-0.1405937453544237,kdj_j,5
2026-09,-0.1773369054604602,kdj_j,5
2025-01,-0.15625450180072026,boll_pctb,5
2025-02,0.051494814959591295,boll_pctb,5
2025-03,0.1446165291380318,boll_pctb,5
2025-04,-0.14952223970345832,boll_pctb,5
2025-05,0.08112940368303728,boll_pctb,5
2025-06,-0.01993281040761864,boll_pctb,5
2025-07,-0.0997408519684213,boll_pctb,5
2025-08,0.04614924105684258,boll_pctb,5
2025-09,-0.040317392371201674,boll_pctb,5
2025-10,-0.11650114591291061,boll_pctb,5
2025-11,0.0009037602455646942,boll_pctb,5
2025-12,0.04323556621152551,boll_pctb,5
2026-01,0.03566890214734877,boll_pctb,5
2026-02,0.03160994951758896,boll_pctb,5
2026-03,-0.008115436376291928,boll_pctb,5
2026-04,-0.08790172867541106,boll_pctb,5
2026-05,0.05463005887384973,boll_pctb,5
2026-06,-0.010744224194462257,boll_pctb,5
2026-07,0.0004400596948881252,boll_pctb,5
2026-08,-0.25686217812006057,boll_pctb,5
2026-09,-0.16737386296503287,boll_pctb,5
2025-01,-0.06161824729891956,macd_norm,5
2025-02,0.13432324489500888,macd_norm,5
2025-03,0.18760927329726593,macd_norm,5
2025-04,-0.09694229600535363,macd_norm,5
2025-05,0.0400429667388055,macd_norm,5
2025-06,-0.025843684903040252,macd_norm,5
2025-07,-0.0900278638459212,macd_norm,5
2025-08,-0.022368513376368963,macd_norm,5
2025-09,-0.10878680273673556,macd_norm,5
2025-10,-0.09450810627281214,macd_norm,5
2025-11,-0.06367267651122735,macd_norm,5
2025-12,0.06631428315847718,macd_norm,5
2026-01,0.0058765862740008685,macd_norm,5
2026-02,-0.19216271668971535,macd_norm,5
2026-03,0.0864618420927402,macd_norm,5
2026-04,-0.053002821423749936,macd_norm,5
2026-05,0.07004759860431893,macd_norm,5
2026-06,-0.028343799558517624,macd_norm,5
2026-07,0.16848607046037323,macd_norm,5
2026-08,-0.12510949639954458,macd_norm,5
2026-09,-0.10775170915147228,macd_norm,5
2025-01,-0.3066602641056423,dist_hh60,5
2025-02,-0.051377969831552135,dist_hh60,5
2025-03,0.039484490583458334,dist_hh60,5
2025-04,-0.17686489340610367,dist_hh60,5
2025-05,0.23938884399279522,dist_hh60,5
2025-06,0.030826376569091762,dist_hh60,5
2025-07,0.0033861945400325976,dist_hh60,5
2025-08,0.07980494101907427,dist_hh60,5
2025-09,-0.062055521890084626,dist_hh60,5
2025-10,-0.036762583821407346,dist_hh60,5
2025-11,0.01222957160347242,dist_hh60,5
2025-12,0.03119792479547186,dist_hh60,5
2026-01,0.009214107972085727,dist_hh60,5
2026-02,0.048663718311871926,dist_hh60,5
2026-03,0.10639166146064127,dist_hh60,5
2026-04,-0.2023960595197435,dist_hh60,5
2026-05,0.0680796619486528,dist_hh60,5
2026-06,0.11775130399813628,dist_hh60,5
2026-07,-0.03385254613676978,dist_hh60,5
2026-08,-0.04370310983451481,dist_hh60,5
2026-09,-0.02556180043092989,dist_hh60,5
2025-01,0.030981992797118846,vol_ratio,5
2025-02,-0.04503730559211901,vol_ratio,5
2025-03,0.029171935357516738,vol_ratio,5
2025-04,-0.07858876339328155,vol_ratio,5
2025-05,-0.06330261992586014,vol_ratio,5
2025-06,-0.006567652788332548,vol_ratio,5
2025-07,-0.04719541041874254,vol_ratio,5
2025-08,0.003180390643788144,vol_ratio,5
2025-09,-0.027441769222510914,vol_ratio,5
2025-10,-0.02777777777777777,vol_ratio,5
2025-11,-0.026913638058115714,vol_ratio,5
2025-12,0.013650546469904466,vol_ratio,5
2026-01,-0.06271103993757636,vol_ratio,5
2026-02,0.02805221944581022,vol_ratio,5
2026-03,-0.03995239934634442,vol_ratio,5
2026-04,-0.03318822290424472,vol_ratio,5
2026-05,-0.0009849064814151545,vol_ratio,5
2026-06,-0.03970071594567148,vol_ratio,5
2026-07,-0.06830650241337852,vol_ratio,5
2026-08,-0.057462396278780456,vol_ratio,5
2026-09,0.05004043312821337,vol_ratio,5
2025-01,-0.14321248499399758,turnover_rel,5
2025-02,-0.0023205356045943436,turnover_rel,5
2025-03,0.05729305141128973,turnover_rel,5
2025-04,-0.14061508790574698,turnover_rel,5
2025-05,-0.018264900093395275,turnover_rel,5
2025-06,-0.11792173397205037,turnover_rel,5
2025-07,-0.13971109706029983,turnover_rel,5
2025-08,0.01942614354693739,turnover_rel,5
2025-09,-0.08364999571941498,turnover_rel,5
2025-10,-0.07348272642390288,turnover_rel,5
2025-11,-0.09759199527885773,turnover_rel,5
2025-12,0.0392015570115098,turnover_rel,5
2026-01,-0.052770386935546865,turnover_rel,5
2026-02,-0.004060229408277581,turnover_rel,5
2026-03,0.03333519586985914,turnover_rel,5
2026-04,-0.12097815786399412,turnover_rel,5
2026-05,0.0025424258358715543,turnover_rel,5
2026-06,0.06553802501652797,turnover_rel,5
2026-07,-0.15201093858576,turnover_rel,5
2026-08,-0.11009768463443032,turnover_rel,5
2026-09,-0.058448609528732445,turnover_rel,5
2025-01,0.14456662665066025,turnover_rate,5
2025-02,0.0022404652031902273,turnover_rate,5
2025-03,-0.16858417999869862,turnover_rate,5
2025-04,-0.08252274743423384,turnover_rate,5
2025-05,-0.1846495776600375,turnover_rate,5
2025-06,-0.1035498724310548,turnover_rate,5
2025-07,-0.09213206923893492,turnover_rate,5
2025-08,-0.01042312591944262,turnover_rate,5
2025-09,0.019090341232680472,turnover_rate,5
2025-10,-0.14272133095662506,turnover_rate,5
2025-11,-0.19119041281018062,turnover_rate,5
2025-12,0.09920476649551876,turnover_rate,5
2026-01,0.04238951055196084,turnover_rate,5
2026-02,0.14898060178316277,turnover_rate,5
2026-03,-0.2896614914920524,turnover_rate,5
2026-04,0.1744373153273252,turnover_rate,5
2026-05,0.03189550064259507,turnover_rate,5
2026-06,-0.055827319131382516,turnover_rate,5
2026-07,-0.30016718733789727,turnover_rate,5
2026-08,-0.08146580632789081,turnover_rate,5
2026-09,-0.16138277705722237,turnover_rate,5
2025-01,0.13382953181272508,vol20,5
2025-02,0.12218597915207548,vol20,5
2025-03,-0.24769907306081523,vol20,5
2025-04,0.10179741429707544,vol20,5
2025-05,-0.2847421098066693,vol20,5
2025-06,-0.06315835579943123,vol20,5
2025-07,-0.09087146143603224,vol20,5
2025-08,0.07490959339330497,vol20,5
2025-09,0.04568343709717703,vol20,5
2025-10,-0.20976148034971565,vol20,5
2025-11,-0.07848821470084218,vol20,5
2025-12,0.07194438041484182,vol20,5
2026-01,0.0605094566181103,vol20,5
2026-02,0.1617009097551329,vol20,5
2026-03,-0.2985320806357126,vol20,5
2026-04,0.2600833383776872,vol20,5
2026-05,-0.07141234976486627,vol20,5
2026-06,-0.03339122465702956,vol20,5
2026-07,-0.25916607135453557,vol20,5
2026-08,-0.05101553920411409,vol20,5
2026-09,-0.20899697803660372,vol20,5
2025-01,0.10026410564225689,atr_pct,5
2025-02,0.16575526545764463,atr_pct,5
2025-03,-0.2811932086485288,atr_pct,5
2025-04,0.06156906917245632,atr_pct,5
2025-05,-0.3400022799704999,atr_pct,5
2025-06,-0.08887770734787087,atr_pct,5
2025-07,-0.06313402758672634,atr_pct,5
2025-08,0.07199640355616123,atr_pct,5
2025-09,0.06252231339913013,atr_pct,5
2025-10,-0.19838298955946013,atr_pct,5
2025-11,-0.08359462209928263,atr_pct,5
2025-12,0.06416935270870945,atr_pct,5
2026-01,0.07963391663538497,atr_pct,5
2026-02,0.19920695738101088,atr_pct,5
2026-03,-0.28696818312871436,atr_pct,5
2026-04,0.2691901771769751,atr_pct,5
2026-05,-0.11727958340943626,atr_pct,5
2026-06,-0.06621963697840466,atr_pct,5
2026-07,-0.23158871055105812,atr_pct,5
2026-08,-0.026780658421980397,atr_pct,5
2026-09,-0.18451522962639996,atr_pct,5
2025-01,-0.05182232893157261,log_amount,5
2025-02,-0.008648134755914843,log_amount,5
2025-03,-0.1929854826758087,log_amount,5
2025-04,-0.006308330062796556,log_amount,5
2025-05,-0.16584610095662927,log_amount,5
2025-06,-0.014050525721891827,log_amount,5
2025-07,-0.06181321299388272,log_amount,5
2025-08,0.02457133734759582,log_amount,5
2025-09,-0.038867721915159074,log_amount,5
2025-10,-0.13930056871233343,log_amount,5
2025-11,-0.08624273153599568,log_amount,5
2025-12,0.029084757657224018,log_amount,5
2026-01,-0.06476232195672343,log_amount,5
2026-02,0.002055762532838556,log_amount,5
2026-03,-0.25700621442939675,log_amount,5
2026-04,0.18136873350499821,log_amount,5
2026-05,0.015124066888562172,log_amount,5
2026-06,-0.013109778593909509,log_amount,5
2026-07,-0.2386576082418839,log_amount,5
2026-08,-0.019896800963209782,log_amount,5
2026-09,-0.20756305132217376,log_amount,5
2025-01,0.016443781278035516,upper_shadow,5
2025-02,0.03399057926197799,upper_shadow,5
2025-03,-0.0367745228434253,upper_shadow,5
2025-04,0.021626713344257843,upper_shadow,5
2025-05,-0.06379020570994393,upper_shadow,5
2025-06,-0.01780552137002485,upper_shadow,5
2025-07,0.03527119948966786,upper_shadow,5
2025-08,-0.011712145594162686,upper_shadow,5
2025-09,0.0023118653141913272,upper_shadow,5
2025-10,-0.033344833942049304,upper_shadow,5
2025-11,-0.04291760978165156,upper_shadow,5
2025-12,-0.045393871314773585,upper_shadow,5
2026-01,0.009219030693672307,upper_shadow,5
2026-02,-0.02254573420404669,upper_shadow,5
2026-03,0.0224626483310616,upper_shadow,5
2026-04,0.005013027576093872,upper_shadow,5
2026-05,-0.04668887505775235,upper_shadow,5
2026-06,-0.012472110613324237,upper_shadow,5
2026-07,0.05623208749141235,upper_shadow,5
2026-08,-0.03160595103786042,upper_shadow,5
2026-09,-0.015276662948136437,upper_shadow,5
2025-01,-0.026118923604613504,lower_shadow,5
2025-02,-0.08240632270479159,lower_shadow,5
2025-03,-0.019998972148432752,lower_shadow,5
2025-04,0.042719715976772765,lower_shadow,5
2025-05,0.04463107783231331,lower_shadow,5
2025-06,0.029685783237649855,lower_shadow,5
2025-07,-0.009867211109399986,lower_shadow,5
2025-08,-0.04598657321011749,lower_shadow,5
2025-09,-0.022904492325419343,lower_shadow,5
2025-10,0.14835912107254368,lower_shadow,5
2025-11,-0.02083314358439926,lower_shadow,5
2025-12,-0.003236291332035841,lower_shadow,5
2026-01,0.05931362887870741,lower_shadow,5
2026-02,-0.04255519581224295,lower_shadow,5
2026-03,0.03403481412838624,lower_shadow,5
2026-04,-0.029575244310685218,lower_shadow,5
2026-05,-0.013591295719901945,lower_shadow,5
2026-06,-0.02167560441811939,lower_shadow,5
2026-07,0.07999961491716259,lower_shadow,5
2026-08,0.09187547395727948,lower_shadow,5
2026-09,-0.07424016937752126,lower_shadow,5
2025-01,0.04900941491250429,gap,5
2025-02,0.013594934709904978,gap,5
2025-03,0.05817958513199966,gap,5
2025-04,0.014463648555675316,gap,5
2025-05,0.0470862277914374,gap,5
2025-06,-0.04624268564990162,gap,5
2025-07,-0.038632021740770774,gap,5
2025-08,0.006366305168323344,gap,5
2025-09,-0.040815957234984546,gap,5
2025-10,0.03257301994114377,gap,5
2025-11,0.10233903696852722,gap,5
2025-12,0.021989404138209823,gap,5
2026-01,-0.001458340048841431,gap,5
2026-02,0.0011261183586066933,gap,5
2026-03,0.09156500006483886,gap,5
2026-04,0.06469287953989253,gap,5
2026-05,0.07415389025154905,gap,5
2026-06,0.030348975047813316,gap,5
2026-07,0.02670195834972169,gap,5
2026-08,0.025845498552951547,gap,5
2026-09,-0.08566217153777902,gap,5
2025-01,-0.12287643274652624,ret5,20
2025-02,0.010081956581408928,ret5,20
2025-03,0.07180697887005538,ret5,20
2025-04,-0.140086400833939,ret5,20
2025-05,0.03754942469979212,ret5,20
2025-06,-0.08452364606718833,ret5,20
2025-07,-0.03542691869213729,ret5,20
2025-08,0.0038789661684368354,ret5,20
2025-09,-0.07692162244587976,ret5,20
2025-10,-0.09268558843934899,ret5,20
2025-11,-0.020672495368873604,ret5,20
2025-12,0.13333612427028146,ret5,20
2026-01,0.07380088151413014,ret5,20
2026-02,-0.2436439025620822,ret5,20
2026-03,-0.07729405108502192,ret5,20
2026-04,0.05762159605269764,ret5,20
2026-05,0.10006877275320508,ret5,20
2026-06,-0.11631603639640975,ret5,20
2026-07,-0.034667945626832196,ret5,20
2026-08,-0.16036043711408468,ret5,20
2025-01,-0.2192268907563025,ret20,20
2025-02,-0.08850998108404555,ret20,20
2025-03,-0.05907769583456759,ret20,20
2025-04,-0.3126597780425591,ret20,20
2025-05,-0.06110622655906245,ret20,20
2025-06,0.010796545680104037,ret20,20
2025-07,0.05428700322644202,ret20,20
2025-08,0.07113662782473396,ret20,20
2025-09,-0.0009952605535615026,ret20,20
2025-10,-0.15935037032883137,ret20,20
2025-11,-0.04575027153641292,ret20,20
2025-12,0.13949165705806735,ret20,20
2026-01,0.17419805104867156,ret20,20
2026-02,-0.02766306159487388,ret20,20
2026-03,-0.22160304950879464,ret20,20
2026-04,-0.07142730037553077,ret20,20
2026-05,0.10202992652470134,ret20,20
2026-06,-0.07043470745830091,ret20,20
2026-07,-0.34846993618292293,ret20,20
2026-08,-0.15487360673122935,ret20,20
2025-01,-0.05048739495798319,ret60,20
2025-02,-0.19126655444262705,ret60,20
2025-03,-0.1624333163332271,ret60,20
2025-04,-0.22300164835963546,ret60,20
2025-05,-0.1186941677519779,ret60,20
2025-06,-0.036893157262905166,ret60,20
2025-07,-0.08075795716311869,ret60,20
2025-08,-0.046177989277582286,ret60,20
2025-09,-0.03660954022687785,ret60,20
2025-10,-0.2327332091887967,ret60,20
2025-11,0.02098742031603452,ret60,20
2025-12,0.25194355963407333,ret60,20
2026-01,0.4065983925330568,ret60,20
2026-02,-0.1792288603281603,ret60,20
2026-03,-0.10931846274588809,ret60,20
2026-04,0.1693214602385064,ret60,20
2026-05,0.023514245383573874,ret60,20
2026-06,-0.08890452732817265,ret60,20
2026-07,-0.42735995822295886,ret60,20
2026-08,-0.10506541045776333,ret60,20
2025-01,-0.09864105642256903,bias20,20
2025-02,-0.03636373162580434,bias20,20
2025-03,0.07338020922654778,bias20,20
2025-04,-0.3198111033601924,bias20,20
2025-05,-0.007976616324967932,bias20,20
2025-06,0.0004801920768307304,bias20,20
2025-07,-0.007176179951357353,bias20,20
2025-08,0.05412971293161568,bias20,20
2025-09,-0.04666135975891995,bias20,20
2025-10,-0.12073300870449699,bias20,20
2025-11,-0.05319946084191596,bias20,20
2025-12,0.17880990761368193,bias20,20
2026-01,0.13769121078558463,bias20,20
2026-02,-0.13481054853883476,bias20,20
2026-03,-0.22692531970514754,bias20,20
2026-04,0.016346278028194532,bias20,20
2026-05,0.10491386512257656,bias20,20
2026-06,-0.07345025124387322,bias20,20
2026-07,-0.20343801617589652,bias20,20
2026-08,-0.22582317863624576,bias20,20
2025-01,-0.14594957983193277,rsi14,20
2025-02,-0.06262757094306,rsi14,20
2025-03,-0.03025438746927342,rsi14,20
2025-04,-0.2763837750097899,rsi14,20
2025-05,0.049699747239793375,rsi14,20
2025-06,0.02946938775510204,rsi14,20
2025-07,0.02021932986999823,rsi14,20
2025-08,0.05953748230266996,rsi14,20
2025-09,-0.08226902757368332,rsi14,20
2025-10,-0.10922491100896266,rsi14,20
2025-11,-0.0014029885319016202,rsi14,20
2025-12,0.1615315185357547,rsi14,20
2026-01,0.1852087114337568,rsi14,20
2026-02,-0.09716563576428756,rsi14,20
2026-03,-0.1519772776309918,rsi14,20
2026-04,0.08988458594761088,rsi14,20
2026-05,0.08770849537637197,rsi14,20
2026-06,-0.1378723903354445,rsi14,20
2026-07,-0.3497506627925338,rsi14,20
2026-08,-0.21595777872501243,rsi14,20
2025-01,0.003783913565426186,kdj_j,20
2025-02,0.036414679201092086,kdj_j,20
2025-03,0.13218315897787686,kdj_j,20
2025-04,-0.10754895641452011,kdj_j,20
2025-05,-0.006849198621863444,kdj_j,20
2025-06,-0.05178871548619448,kdj_j,20
2025-07,0.011433695155037542,kdj_j,20
2025-08,0.03382786913597759,kdj_j,20
2025-09,-0.07169580948439708,kdj_j,20
2025-10,0.01191334699124732,kdj_j,20
2025-11,-0.03979800380961126,kdj_j,20
2025-12,0.13223694213883694,kdj_j,20
2026-01,0.05921376717656209,kdj_j,20
2026-02,-0.2493055298344383,kdj_j,20
2026-03,-0.021208479761521605,kdj_j,20
2026-04,0.11228847080429274,kdj_j,20
2026-05,0.04535404603462679,kdj_j,20
2026-06,-0.1296529501092633,kdj_j,20
2026-07,-0.020978804119181644,kdj_j,20
2026-08,-0.22314699665587115,kdj_j,20
2025-01,-0.012196878751500596,boll_pctb,20
2025-02,-0.028141731083267674,boll_pctb,20
2025-03,0.07935288401074717,boll_pctb,20
2025-04,-0.24201308693459225,boll_pctb,20
2025-05,0.06652674303533461,boll_pctb,20
2025-06,-0.0015366146458583511,boll_pctb,20
2025-07,-0.03033791132325023,boll_pctb,20
2025-08,0.06939793260664907,boll_pctb,20
2025-09,-0.06860802002617626,boll_pctb,20
2025-10,-0.05611387948035235,boll_pctb,20
2025-11,-0.04637236037825201,boll_pctb,20
2025-12,0.13243144461506876,boll_pctb,20
2026-01,0.096577651024112,boll_pctb,20
2026-02,-0.09989721841549686,boll_pctb,20
2026-03,-0.14101283316288937,boll_pctb,20
2026-04,0.04656195839127762,boll_pctb,20
2026-05,0.06529614265548929,boll_pctb,20
2026-06,-0.17379656036643332,boll_pctb,20
2026-07,-0.2295055140548006,boll_pctb,20
2026-08,-0.22798521728048934,boll_pctb,20
2025-01,0.07684033613445376,macd_norm,20
2025-02,0.035734740619018796,macd_norm,20
2025-03,0.17401017549877093,macd_norm,20
2025-04,-0.27711050890875105,macd_norm,20
2025-05,-0.029572725883881917,macd_norm,20
2025-06,-0.02010564225690276,macd_norm,20
2025-07,0.004865785935649255,macd_norm,20
2025-08,0.02694278334865909,macd_norm,20
2025-09,-0.013954488086327054,macd_norm,20
2025-10,-0.011544546360709947,macd_norm,20
2025-11,-0.1259579209530845,macd_norm,20
2025-12,0.14806604391511638,macd_norm,20
2026-01,-0.02384949442571947,macd_norm,20
2026-02,-0.1509315159820734,macd_norm,20
2026-03,-0.16606635806738382,macd_norm,20
2026-04,0.03313856390558496,macd_norm,20
2026-05,0.08581799325900959,macd_norm,20
2026-06,-0.12264343123819399,macd_norm,20
2026-07,0.01276872966277096,macd_norm,20
2026-08,-0.17108229369449338,macd_norm,20
2025-01,-0.3721680672268908,dist_hh60,20
2025-02,-0.18771035644930556,dist_hh60,20
2025-03,0.033853541416566636,dist_hh60,20
2025-04,-0.1880868417294374,dist_hh60,20
2025-05,0.16496738595339774,dist_hh60,20
2025-06,-0.06666506602641056,dist_hh60,20
2025-07,-0.038314346452669575,dist_hh60,20
2025-08,0.06390596897062234,dist_hh60,20
2025-09,-0.03544020585198277,dist_hh60,20
2025-10,0.09727346514139672,dist_hh60,20
2025-11,0.1085016335099874,dist_hh60,20
2025-12,-0.05250185589654002,dist_hh60,20
2026-01,0.21875486129115895,dist_hh60,20
2026-02,0.09282288232897515,dist_hh60,20
2026-03,-0.07726404723260752,dist_hh60,20
2026-04,-0.198584967073521,dist_hh60,20
2026-05,0.21108806499006139,dist_hh60,20
2026-06,0.06809820116794449,dist_hh60,20
2026-07,-0.2760698385717608,dist_hh60,20
2026-08,0.013793982325773517,dist_hh60,20
2025-01,-0.004590636254501795,vol_ratio,20
2025-02,0.02534898079908581,vol_ratio,20
2025-03,-0.011892757102841142,vol_ratio,20
2025-04,-0.03520502259817393,vol_ratio,20
2025-05,-0.04076642784043074,vol_ratio,20
2025-06,-0.04036494597839135,vol_ratio,20
2025-07,-0.05907105190840039,vol_ratio,20
2025-08,0.008006760457642308,vol_ratio,20
2025-09,0.015559914358798386,vol_ratio,20
2025-10,-0.017723317973674865,vol_ratio,20
2025-11,-0.050294109054661286,vol_ratio,20
2025-12,0.03848133848057385,vol_ratio,20
2026-01,-0.05166580243712728,vol_ratio,20
2026-02,-0.0403440868180303,vol_ratio,20
2026-03,0.00848638653147182,vol_ratio,20
2026-04,-0.01297106036827326,vol_ratio,20
2026-05,0.03105824907095325,vol_ratio,20
2026-06,-0.002182179586898285,vol_ratio,20
2026-07,-0.042910967855142645,vol_ratio,20
2026-08,-0.045112781954887216,vol_ratio,20
2025-01,-0.2028043217286915,turnover_rel,20
2025-02,-0.0006986934899053695,turnover_rel,20
2025-03,-0.061032412965186064,turnover_rel,20
2025-04,-0.040967870412564916,turnover_rel,20
2025-05,-0.026407809886490385,turnover_rel,20
2025-06,-0.07745498199279713,turnover_rel,20
2025-07,-0.08122317476563676,turnover_rel,20
2025-08,-0.026264668583731304,turnover_rel,20
2025-09,-0.019419812246291954,turnover_rel,20
2025-10,-0.02417669972189846,turnover_rel,20
2025-11,-0.09705070009457978,turnover_rel,20
2025-12,0.08688599257234655,turnover_rel,20
2026-01,-0.04640264454239046,turnover_rel,20
2026-02,-0.14420904477943627,turnover_rel,20
2026-03,-0.07171901303782212,turnover_rel,20
2026-04,-0.11035151935142094,turnover_rel,20
2026-05,0.18767464638608014,turnover_rel,20
2026-06,0.02743311480672124,turnover_rel,20
2026-07,-0.2074611852814753,turnover_rel,20
2026-08,-0.11794975457345878,turnover_rel,20
2025-01,0.1357310924369748,turnover_rate,20
2025-02,-0.07476039141701232,turnover_rate,20
2025-03,-0.42140513348196423,turnover_rate,20
2025-04,-0.1447687264787692,turnover_rate,20
2025-05,-0.13122466867974997,turnover_rate,20
2025-06,-0.01688355342136854,turnover_rate,20
2025-07,0.026574363090941053,turnover_rate,20
2025-08,-0.038104212895680695,turnover_rate,20
2025-09,-0.030030953524862018,turnover_rate,20
2025-10,-0.27013254243344664,turnover_rate,20
2025-11,-0.20095605964494462,turnover_rate,20
2025-12,0.3661918811297912,turnover_rate,20
2026-01,0.08276834327197304,turnover_rate,20
2026-02,-0.18575687988444017,turnover_rate,20
2026-03,-0.25642123796304594,turnover_rate,20
2026-04,0.29902861558138616,turnover_rate,20
2026-05,0.0246953590873736,turnover_rate,20
2026-06,-0.3302961838092769,turnover_rate,20
2026-07,-0.19104657750526202,turnover_rate,20
2026-08,-0.2548393192214903,turnover_rate,20
2025-01,0.29153421368547416,vol20,20
2025-02,0.01827212693545923,vol20,20
2025-03,-0.30566512319213396,vol20,20
2025-04,-0.006520530701963842,vol20,20
2025-05,-0.27074865511015944,vol20,20
2025-06,0.07693157262905162,vol20,20
2025-07,0.059980593738915615,vol20,20
2025-08,0.14051924983243344,vol20,20
2025-09,-0.1399433513289715,vol20,20
2025-10,-0.2994572866787388,vol20,20
2025-11,-0.11534269097846303,vol20,20
2025-12,0.33098411150147683,vol20,20
2026-01,0.16650894477573244,vol20,20
2026-02,-0.2251611170784103,vol20,20
2026-03,-0.1415073371678904,vol20,20
2026-04,0.2567215196540509,vol20,20
2026-05,-0.1301025552386714,vol20,20
2026-06,-0.36101645739965676,vol20,20
2026-07,-0.0891562241394582,vol20,20
2026-08,-0.207454638935152,vol20,20
2025-01,0.27313325330132054,atr_pct,20
2025-02,0.02262062904484392,atr_pct,20
2025-03,-0.34863545418167263,atr_pct,20
2025-04,-0.055619900484716,atr_pct,20
2025-05,-0.35329404770919265,atr_pct,20
2025-06,0.05548619447779113,atr_pct,20
2025-07,0.10018853230359406,atr_pct,20
2025-08,0.12900445549223666,atr_pct,20
2025-09,-0.09544808497099609,atr_pct,20
2025-10,-0.28899556816939037,atr_pct,20
2025-11,-0.13915224192308256,atr_pct,20
2025-12,0.3284776862794572,atr_pct,20
2026-01,0.2287918071039668,atr_pct,20
2026-02,-0.23682821585984667,atr_pct,20
2026-03,-0.11534621470835266,atr_pct,20
2026-04,0.23904331452135624,atr_pct,20
2026-05,-0.1654639472243828,atr_pct,20
2026-06,-0.3435621072385397,atr_pct,20
2026-07,-0.03734135271323689,atr_pct,20
2026-08,-0.16583100064597495,atr_pct,20
2025-01,-0.016336134453781508,log_amount,20
2025-02,-0.1527332104552687,log_amount,20
2025-03,-0.20753672897730518,log_amount,20
2025-04,-0.08677492592881347,log_amount,20
2025-05,-0.1735044538558258,log_amount,20
2025-06,-0.10539255702280914,log_amount,20
2025-07,0.010864617366154688,log_amount,20
2025-08,-0.04900243463255377,log_amount,20
2025-09,-0.17812729506962555,log_amount,20
2025-10,-0.26711296167028514,log_amount,20
2025-11,-0.08253093262634242,log_amount,20
2025-12,0.055746966283142095,log_amount,20
2026-01,-0.07057946590614468,log_amount,20
2026-02,-0.33523463831993777,log_amount,20
2026-03,-0.15096038952102445,log_amount,20
2026-04,0.2769475586531445,log_amount,20
2026-05,0.039765361680062214,log_amount,20
2026-06,-0.21678272034766718,log_amount,20
2026-07,-0.16580455967104757,log_amount,20
2026-08,-0.14248361992063738,log_amount,20
2025-01,-0.060476505398542275,upper_shadow,20
2025-02,0.0404982558377145,upper_shadow,20
2025-03,-0.006584027732829252,upper_shadow,20
2025-04,0.004750512781517342,upper_shadow,20
2025-05,-0.0031289765441095234,upper_shadow,20
2025-06,-0.018833995896606188,upper_shadow,20
2025-07,0.03339111164522572,upper_shadow,20
2025-08,0.04050470684941759,upper_shadow,20
2025-09,0.0055455221233502335,upper_shadow,20
2025-10,-0.016856878291895323,upper_shadow,20
2025-11,-0.04002730361742504,upper_shadow,20
2025-12,-0.04428363067638718,upper_shadow,20
2026-01,0.05490194071443617,upper_shadow,20
2026-02,0.021191921651619653,upper_shadow,20
2026-03,-0.03985521738114506,upper_shadow,20
2026-04,0.00934994248517941,upper_shadow,20
2026-05,-0.04604644601993926,upper_shadow,20
2026-06,0.010870293322969024,upper_shadow,20
2026-07,0.03711012691915525,upper_shadow,20
2026-08,-0.06862590538950543,upper_shadow,20
2025-01,0.08008823498064191,lower_shadow,20
2025-02,-0.03377570430633641,lower_shadow,20
2025-03,0.012639135197654536,lower_shadow,20
2025-04,0.018690120368228733,lower_shadow,20
2025-05,-0.0019237341501042295,lower_shadow,20
2025-06,0.03863465480150002,lower_shadow,20
2025-07,0.014046798005566938,lower_shadow,20
2025-08,-0.017931671093219394,lower_shadow,20
2025-09,0.008411099030172006,lower_shadow,20
2025-10,0.06926230176225948,lower_shadow,20
2025-11,0.004328639445662023,lower_shadow,20
2025-12,-0.006865830409758703,lower_shadow,20
2026-01,0.08150341405156276,lower_shadow,20
2026-02,-0.002059945449985096,lower_shadow,20
2026-03,0.016074823529769397,lower_shadow,20
2026-04,-0.03522457636911094,lower_shadow,20
2026-05,0.03200096188972425,lower_shadow,20
2026-06,-0.004079986594870281,lower_shadow,20
2026-07,0.060818060788794676,lower_shadow,20
2026-08,0.04102549175277383,lower_shadow,20
2025-01,0.045830513803022735,gap,20
2025-02,0.05238501261110275,gap,20
2025-03,0.0157797041748006,gap,20
2025-04,0.06900099986158535,gap,20
2025-05,0.02318267418197052,gap,20
2025-06,-0.012199140871314936,gap,20
2025-07,-0.06223966935897224,gap,20
2025-08,-0.0192331597712593,gap,20
2025-09,0.004287187419231998,gap,20
2025-10,0.011061326994420344,gap,20
2025-11,0.11314286520833645,gap,20
2025-12,0.020371930169580176,gap,20
2026-01,0.02106675658359724,gap,20
2026-02,0.06177559882389743,gap,20
2026-03,0.010314776901648963,gap,20
2026-04,0.03180320638466992,gap,20
2026-05,0.08061262610101942,gap,20
2026-06,-0.00501893542617955,gap,20
2026-07,0.022378905553774,gap,20
2026-08,-0.0026784044593107454,gap,20
